league,season,game,player,team,minute,added_time,period,base_minute,stoppage,md
UPL,2025/26,ENTEBBE-vs-BUHIMBA,John Wesley kisaakye,BUHIMBA,13,no,1,13,0,1
UPL,2025/26,KITARA-vs-KCCA,Emmanuel Alex Wasswa,KITARA,4,no,1,4,0,1
UPL,2025/26,KITARA-vs-KCCA,Sharifu Ssengendo,KCCA,83,no,2,83,0,1
UPL,2025/26,LUGAZI-vs-CALVARY,Simon Peter Odeke,CALVARY,11,no,1,11,0,1
UPL,2025/26,LUGAZI-vs-CALVARY,Paul Wasswa,LUGAZI,19,no,1,19,0,1
UPL,2025/26,LUGAZI-vs-CALVARY,Sharif Saaka,LUGAZI,29,no,1,29,0,1
UPL,2025/26,LUGAZI-vs-CALVARY,Ashiraf Mulindi,LUGAZI,79,no,2,79,0,1
UPL,2025/26,POLICE-vs-MBARARA,Abudshakur Ramsey Jemba,POLICE,26,no,1,26,0,1
UPL,2025/26,POLICE-vs-MBARARA,Reagan Matege,MBARARA,76,no,2,76,0,1
UPL,2025/26,EXPRESS-vs-UPDF,Habert Asiimwe,EXPRESS,14,no,1,14,0,1
UPL,2025/26,BUL-vs-MAROONS,Ibrahim Mugulusi,BUL,37,no,1,37,0,2
UPL,2025/26,POLICE-vs-EXPRESS,Umaru Kasumba,POLICE,28,no,1,28,0,2
UPL,2025/26,POLICE-vs-EXPRESS,Muhamed Kagawa Ssenoga,EXPRESS,46,yes,1,45,1,2
UPL,2025/26,POLICE-vs-EXPRESS,Bedia Djuma Ikamba,POLICE,77,no,2,77,0,2
UPL,2025/26,URA-vs-NEC,Ronald Media Innocent,NEC,10,no,1,10,0,2
UPL,2025/26,URA-vs-NEC,Moses Okabo Aliro,URA,49,no,2,49,0,2
UPL,2025/26,BUHIMBA-vs-CALVARY,Anwaru Mustafa Ntege,BUHIMBA,26,no,1,26,0,2
UPL,2025/26,BUHIMBA-vs-CALVARY,Swadik Moro,BUHIMBA,44,no,1,44,0,2
UPL,2025/26,MBARARA-vs-UPDF,Samuel Kayongo Ssekamatte,UPDF,68,no,2,68,0,2
UPL,2025/26,KCCA-vs-VILLA,Ivan Ahimbisibwe,KCCA,30,no,1,30,0,2
UPL,2025/26,KCCA-vs-VILLA,Najib Yiga,Villa,60,no,2,60,0,2
UPL,2025/26,KCCA-vs-VILLA,Umar Lutalo,KCCA,88,no,2,88,0,2
UPL,2025/26,MBARARA-vs-BUL,Seiri Arigumaho,BUL,35,no,1,35,0,3
UPL,2025/26,MBARARA-vs-BUL,Ian Amanya,MBARARA,39,no,1,39,0,3
UPL,2025/26,URA-vs-EXPRESS,Nelson Senkatuka,URA,12,no,1,12,0,3
UPL,2025/26,URA-vs-EXPRESS,Muhamed Kagawa Ssenoga,EXPRESS,62,no,2,62,0,3
UPL,2025/26,UPDF-vs-MAROONS,Dickson Niwamanya,MAROONS,14,no,1,14,0,3
UPL,2025/26,UPDF-vs-MAROONS,Ivan Mayanja,MAROONS,25,no,1,25,0,3
UPL,2025/26,UPDF-vs-MAROONS,Rashid Faridi,UPDF,53,no,2,53,0,3
UPL,2025/26,VILLA-vs-ENTEBBE,Fazil Tumwine,ENTEBBE,28,no,1,28,0,3
UPL,2025/26,VILLA-vs-ENTEBBE,Andrew Otim,Villa,83,no,2,83,0,3
UPL,2025/26,NEC-vs-POLICE,Mustafa Kizza,NEC,3,no,1,3,0,3
UPL,2025/26,NEC-vs-POLICE,Dhata Joseph Stephen Lujang,NEC,60,no,2,60,0,3
UPL,2025/26,NEC-vs-POLICE,Charles Bbaale,POLICE,85,no,2,85,0,3
UPL,2025/26,NEC-vs-POLICE,Umaru Kasumba,POLICE,92,yes,2,90,2,3
UPL,2025/26,BUL-vs-BUHIMBA,Ibrahim Mugulusi,BUL,17,no,1,17,0,4
UPL,2025/26,BUL-vs-BUHIMBA,Seiri Arigumaho,BUL,32,no,1,32,0,4
UPL,2025/26,BUL-vs-BUHIMBA,Jeromy Kirya,BUL,39,no,1,39,0,4
UPL,2025/26,EXPRESS-vs-KCCA,Sammy Raynald Ssebaduka,KCCA,71,no,2,71,0,4
UPL,2025/26,KITARA-vs-MBARARA,Isaac Amutuhaire,KITARA,13,no,1,13,0,4
UPL,2025/26,KITARA-vs-MBARARA,Jimmy Kalema,KITARA,16,no,1,16,0,4
UPL,2025/26,KITARA-vs-MBARARA,Innocent Wafula Esimu,MBARARA,23,no,1,23,0,4
UPL,2025/26,KITARA-vs-MBARARA,Henry Kitegenyi,MBARARA,76,no,2,76,0,4
UPL,2025/26,KITARA-vs-MBARARA,Wahab Gadafi,KITARA,91,yes,2,90,1,4
UPL,2025/26,VILLA-vs-POLICE,Bedia Djuma Ikamba,POLICE,22,no,1,22,0,4
UPL,2025/26,VILLA-vs-POLICE,Geofrey Gagganga,Villa,70,no,2,70,0,4
UPL,2025/26,VILLA-vs-POLICE,Charles Lwanga,Villa,93,yes,2,90,3,4
UPL,2025/26,ENTEBBE-vs-NEC,Junior Samuel Kawawa,ENTEBBE,60,no,2,60,0,4
UPL,2025/26,POLICE-vs-MAROONS,Bedia Djuma Ikamba,POLICE,18,no,1,18,0,5
UPL,2025/26,POLICE-vs-MAROONS,Bedia Djuma Ikamba,POLICE,28,no,1,28,0,5
UPL,2025/26,POLICE-vs-MAROONS,Rogers Kiwanuka,MAROONS,42,no,1,42,0,5
UPL,2025/26,URA-vs-UPDF,Moses Okabo Aliro,URA,25,no,1,25,0,5
UPL,2025/26,URA-vs-UPDF,Samson Andrew Kigozi,UPDF,27,no,1,27,0,5
UPL,2025/26,URA-vs-UPDF,George Masembe,URA,45,no,1,45,0,5
UPL,2025/26,URA-vs-UPDF,Samuel Kayongo Ssekamatte,UPDF,54,no,2,54,0,5
UPL,2025/26,URA-vs-UPDF,Moses Okabo Aliro,URA,77,no,2,77,0,5
UPL,2025/26,KITARA-vs-LUGAZI,Patrick Henry Kaddu,KITARA,10,no,1,10,0,5
UPL,2025/26,KITARA-vs-LUGAZI,Patrick Henry Kaddu,KITARA,48,yes,1,45,3,5
UPL,2025/26,KITARA-vs-LUGAZI,Yunusu Sibira,KITARA,51,no,2,51,0,5
UPL,2025/26,KITARA-vs-LUGAZI,Wahab Gadafi,KITARA,87,no,2,87,0,5
UPL,2025/26,BUHIMBA-vs-VILLA,Reagan Mpande,Villa,2,no,1,2,0,5
UPL,2025/26,BUHIMBA-vs-VILLA,Aslam Ssemakula,Villa,14,no,1,14,0,5
UPL,2025/26,BUHIMBA-vs-VILLA,Reagan Mpande,Villa,65,no,2,65,0,5
UPL,2025/26,KCCA-vs-CALVARY,Ivan Ahimbisibwe,KCCA,10,no,1,10,0,5
UPL,2025/26,KCCA-vs-CALVARY,Umar Lutalo,KCCA,13,no,1,13,0,5
UPL,2025/26,KCCA-vs-CALVARY,Shafik Nana Kwikiriza,KCCA,43,no,1,43,0,5
UPL,2025/26,KCCA-vs-CALVARY,Lawrence Olaboro,CALVARY,47,no,2,47,0,5
UPL,2025/26,KCCA-vs-CALVARY,Herbert Achayi,KCCA,63,no,2,63,0,5
UPL,2025/26,KCCA-vs-CALVARY,Stephen Oriokot,CALVARY,71,no,2,71,0,5
UPL,2025/26,ENTEBBE-vs-VIPERS,Abdulkarim Watambala,VIPERS,62,no,2,62,0,5
UPL,2025/26,MBARARA-vs-NEC,Allan Mugalu,NEC,54,no,2,54,0,5
UPL,2026/27,VIPERS-vs-ENTEBBE,KEVIN DASYLVA BADY,ENTEBBE,0,no,1,0,0,1
UPL,2026/27,BLACKS-vs-NTUGASAZE,Andrea Noll Ogwal,BLACKS,47,no,2,47,0,1
UPL,2026/27,KCCA-vs-NEC,Richard Basangwa,NEC,5,no,1,5,0,1
UPL,2026/27,KCCA-vs-NEC,Obuya Pius,NEC,90,no,2,90,0,1
UPL,2026/27,LUGAZI-vs-KIGEZI,Cromwel Rwothomio,LUGAZI,66,no,2,66,0,1
UPL,2026/27,LUGAZI-vs-KIGEZI,Mike Walaga,KIGEZI,79,no,2,79,0,1
UPL,2026/27,LUGAZI-vs-KIGEZI,Livingstone Mulondo,LUGAZI,92,yes,2,90,2,1
UPL,2026/27,POLICE-vs-MBARARA,Ivan Mayanja,POLICE,73,no,2,73,0,1
UPL,2026/27,VILLA-vs-KITARA,Andrew Okumu,Villa,7,no,1,7,0,1
UPL,2026/27,VILLA-vs-KITARA,Crispus Asiki,KITARA,94,yes,2,90,4,1
UPL,2026/27,BUL-vs-EXPRESS,SWABIR MPASA,BUL,12,no,1,12,0,1
UPL,2026/27,MAROONS-vs-URA,Dariuos Ojok,MAROONS,33,no,1,33,0,1
UPL,2026/27,MAROONS-vs-URA,Dissan Galiwango,URA,80,no,2,80,0,1
UPL,2026/27,MAROONS-vs-URA,Abraham Kakensa Tusubira,URA,94,yes,2,90,4,1
UPL,2026/27,ENTEBBE-vs-UPDF,Derrick TAREMWA,UPDF,25,no,1,25,0,2
UPL,2026/27,ENTEBBE-vs-UPDF,Thomas Ochungo,ENTEBBE,39,no,1,39,0,2
UPL,2026/27,ENTEBBE-vs-UPDF,Ambrose Kigozi,ENTEBBE,71,no,2,71,0,2
UPL,2026/27,NEC-vs-LUGAZI,Richard Basangwa,NEC,52,no,2,52,0,2
UPL,2026/27,NEC-vs-LUGAZI,Ronald Media Innocent,NEC,57,no,2,57,0,2
UPL,2026/27,NEC-vs-LUGAZI,Ronald Media Innocent,NEC,81,no,2,81,0,2
UPL,2026/27,NEC-vs-LUGAZI,Ayiko Richard,LUGAZI,84,no,2,84,0,2
UPL,2026/27,BLACKS-vs-POLICE,Emmanuel Janan Okech,BLACKS,50,no,2,50,0,2
UPL,2026/27,NTUGASAZE-vs-MAROONS,Jackson Nunda,MAROONS,18,no,1,18,0,2
UPL,2026/27,NTUGASAZE-vs-MAROONS,Jackson Nunda,MAROONS,37,no,1,37,0,2
UPL,2026/27,NTUGASAZE-vs-MAROONS,Marvin Oshaba,MAROONS,48,no,2,48,0,2
UPL,2026/27,NTUGASAZE-vs-MAROONS,Ronald Kaye,NTUGASAZE,53,no,2,53,0,2
UPL,2026/27,KATAKA-vs-BUL,Derick Byabacwezi,BUL,2,no,1,2,0,2
UPL,2026/27,KATAKA-vs-BUL,Derick Byabacwezi,BUL,20,no,1,20,0,2
UPL,2026/27,KATAKA-vs-BUL,Ali Sentamu,KATAKA,49,yes,1,45,4,2
UPL,2026/27,KATAKA-vs-BUL,Derick Byabacwezi,BUL,65,no,2,65,0,2
UPL,2026/27,KATAKA-vs-BUL,Simon Achidi,BUL,72,no,2,72,0,2
UPL,2026/27,URA-vs-VILLA,Reagan Mpande,Villa,23,no,1,23,0,2
UPL,2026/27,EXPRESS-vs-KCCA,Isaac Wagoina,EXPRESS,51,no,2,51,0,2
UPL,2026/27,EXPRESS-vs-KCCA,Derrick Ddungu,EXPRESS,92,yes,2,90,2,2
UPL,2026/27,MAROONS-vs-BLACKS,Alli Ismael,MAROONS,38,no,1,38,0,3
UPL,2026/27,MAROONS-vs-BLACKS,Andrea Noll Ogwal,BLACKS,49,no,2,49,0,3
UPL,2026/27,MAROONS-vs-BLACKS,Richard Oscar Otim,BLACKS,66,no,2,66,0,3
UPL,2026/27,BUL-vs-NTUGASAZE,SWABIR MPASA,BUL,10,no,1,10,0,3
UPL,2026/27,BUL-vs-NTUGASAZE,Fahad Nsamba,NTUGASAZE,29,no,1,29,0,3
UPL,2026/27,BUL-vs-NTUGASAZE,Martin Aprem,BUL,43,no,1,43,0,3
UPL,2026/27,BUL-vs-NTUGASAZE,Reagan Kalyowa,BUL,75,no,2,75,0,3
UPL,2026/27,BUL-vs-NTUGASAZE,Simon Achidi,BUL,85,no,2,85,0,3
UPL,2026/27,VILLA-vs-EXPRESS,Patrick Jonah Kakande,Villa,4,no,1,4,0,3
UPL,2026/27,VILLA-vs-EXPRESS,Andrew Otim,Villa,92,yes,2,90,2,3
UPL,2026/27,ENTEBBE-vs-LUGAZI,Cromwel Rwothomio,LUGAZI,80,no,2,80,0,3
