league,season,md,source_file,player,name_key,team,club,position,jersey,nationality,player_id,date_of_birth,apps,minutes,starts,sub_in,sub_out,goals,own_goals,assists,penalties,yellows,reds_direct,reds_second_yellow
UPL,2026/27,1,U21_stats_sample.xlsx,Ashraf Lukyamuzi,ASHRAF LUKYAMUZI,KCCA,KCCA FC,,45,Uganda,,,0,0,0,0,0,0,0,0,0,0,0,0
UPL,2026/27,1,U21_stats_sample.xlsx,Brian Jjara,BRIAN JJARA,KCCA,KCCA FC,,38,Uganda,,,2,175,2,0,1,0,0,0,0,1,0,0
UPL,2026/27,1,U21_stats_sample.xlsx,Lazaro Muhindo,LAZARO MUHINDO,KCCA,KCCA FC,,37,Uganda,,,2,124,2,0,2,0,0,0,0,0,0,0
UPL,2026/27,1,U21_stats_sample.xlsx,Ismail Fahad,FAHAD ISMAIL,KCCA,KCCA FC,,47,Uganda,,,2,79,0,2,0,0,0,0,0,0,0,0
UPL,2026/27,1,U21_stats_sample.xlsx,Kennedy Muserero,KENNEDY MUSERERO,KCCA,KCCA FC,,39,Uganda,,,0,0,0,0,0,0,0,0,0,0,0,0
UPL,2026/27,1,U21_stats_sample.xlsx,Ukasha Abudshafie Jemba,ABUDSHAFIE JEMBA UKASHA,KCCA,KCCA FC,,49,Uganda,,,0,0,0,0,0,0,0,0,0,0,0,0
UPL,2026/27,1,U21_stats_sample.xlsx,Joseph Junior Jude Kakooza,JOSEPH JUDE JUNIOR KAKOOZA,KCCA,KCCA FC,,57,Uganda,,,1,38,0,1,0,0,0,0,0,0,0,0
UPL,2026/27,1,U21_stats_sample.xlsx,Raymon Barasa Mangoli,BARASA MANGOLI RAYMON,VILLA,SC Villa,Defender,37,Uganda,,,2,122,1,1,0,0,0,0,0,1,0,0
UPL,2026/27,1,U21_stats_sample.xlsx,Martin Mamer Mabior,MABIOR MAMER MARTIN,VILLA,SC Villa,,52,Uganda,,,0,0,0,0,0,0,0,0,0,0,0,0
UPL,2026/27,1,U21_stats_sample.xlsx,Steven Mugisha,MUGISHA STEVEN,VILLA,SC Villa,Midfield,39,Uganda,,,2,148,2,0,2,0,0,0,0,0,0,0
UPL,2026/27,1,U21_stats_sample.xlsx,Ogenrwot Jimmy Gilbert,GILBERT JIMMY OGENRWOT,VILLA,SC Villa,Midfield,38,Uganda,,,1,5,0,1,0,0,0,0,0,0,0,0
UPL,2026/27,1,U21_stats_sample.xlsx,John Asiimwe,ASIIMWE JOHN,VILLA,SC Villa,Midfield,40,Uganda,,,2,42,0,2,0,0,0,0,0,0,0,0
UPL,2026/27,1,U21_stats_sample.xlsx,Tonny Ssendi Kiyaga,KIYAGA SSENDI TONNY,VILLA,SC Villa,Defender,41,Uganda,,,0,0,0,0,0,0,0,0,0,0,0,0
UPL,2026/27,1,U21_stats_sample.xlsx,Jonathan Sausa,JONATHAN SAUSA,VILLA,SC Villa,,77,Uganda,,,0,0,0,0,0,0,0,0,0,0,0,0
UPL,2026/27,1,U21_stats_sample.xlsx,Emmanuel Kulanga,EMMANUEL KULANGA,NEC,NEC FC,,38,Uganda,,,1,21,0,1,0,0,0,0,0,0,0,0
UPL,2026/27,1,U21_stats_sample.xlsx,Hakim Wandera,HAKIM WANDERA,NEC,NEC FC,,40,Uganda,,,2,180,2,0,0,0,0,0,0,0,0,0
UPL,2026/27,1,U21_stats_sample.xlsx,Enrique Lubwama,ENRIQUE LUBWAMA,NEC,NEC FC,,42,Uganda,,,2,140,2,0,2,0,0,0,0,1,0,0
UPL,2026/27,1,U21_stats_sample.xlsx,Lwenda Sowedi,LWENDA SOWEDI,BUL,BUL FC,Midfield,41,Uganda,,,0,0,0,0,0,0,0,0,0,0,0,0
UPL,2026/27,1,U21_stats_sample.xlsx,Swabir Mpasa,MPASA SWABIR,BUL,BUL FC,Midfield,38,Uganda,,,2,140,2,0,2,1,0,0,0,0,0,0
UPL,2026/27,1,U21_stats_sample.xlsx,Innocent Odong Rwothomiyo,INNOCENT ODONG RWOTHOMIYO,BUL,BUL FC,Midfield,42,Uganda,,,0,0,0,0,0,0,0,0,0,0,0,0
UPL,2026/27,1,U21_stats_sample.xlsx,Denis Ssewagudde,DENIS SSEWAGUDDE,BUL,BUL FC,Midfield,43,Uganda,,,2,180,2,0,0,0,0,1,0,0,0,0
UPL,2026/27,1,U21_stats_sample.xlsx,Simon Achidi,ACHIDI SIMON,BUL,BUL FC,Midfield,39,Uganda,,,2,180,2,0,0,1,0,0,0,0,0,0
UPL,2026/27,1,U21_stats_sample.xlsx,Frank Katongole,FRANK KATONGOLE,BUL,BUL FC,Midfield,8,Uganda,,,2,94,1,1,0,0,0,1,0,0,0,0
UPL,2026/27,1,U21_stats_sample.xlsx,David Mugalu,DAVID MUGALU,BUL,BUL FC,Forward,32,Uganda,,,0,0,0,0,0,0,0,0,0,0,0,0
UPL,2026/27,1,U21_stats_sample.xlsx,Godfrey Sekibengo,GODFREY SEKIBENGO,URA,URA FC,,30,Uganda,,,2,134,1,1,0,0,0,0,0,0,0,0
UPL,2026/27,1,U21_stats_sample.xlsx,John Innocent Kisolo,INNOCENT JOHN KISOLO,URA,URA FC,,26,Uganda,,,1,64,0,1,0,0,0,0,0,1,0,0
UPL,2026/27,1,U21_stats_sample.xlsx,Abdu Magada,ABDU MAGADA,URA,URA FC,,29,Uganda,,,0,0,0,0,0,0,0,0,0,0,0,0
UPL,2026/27,1,U21_stats_sample.xlsx,Elvis Ssekajjugo,ELVIS SSEKAJJUGO,URA,URA FC,,14,Uganda,,,1,8,0,1,1,0,0,0,0,0,0,0
UPL,2026/27,1,U21_stats_sample.xlsx,Martin Parcel Kayiwa,KAYIWA MARTIN PARCEL,URA,URA FC,,62,Uganda,,,0,0,0,0,0,0,0,0,0,0,0,0
UPL,2026/27,1,U21_stats_sample.xlsx,Emanuel Oula,EMANUEL OULA,URA,URA FC,,55,Uganda,,,1,26,1,0,1,0,0,0,0,0,0,0
UPL,2026/27,1,U21_stats_sample.xlsx,Jackson Ssembatya,JACKSON SSEMBATYA,KITARA,Kitara FC,,21,Uganda,,,0,0,0,0,0,0,0,0,0,0,0,0
UPL,2026/27,1,U21_stats_sample.xlsx,Travor Charles Bbosa,BBOSA CHARLES TRAVOR,KITARA,Kitara FC,,37,Uganda,,,0,0,0,0,0,0,0,0,0,0,0,0
UPL,2026/27,1,U21_stats_sample.xlsx,Isa Glory Kisuule,GLORY ISA KISUULE,EXPRESS,Express FC,Midfield,29,Uganda,,,1,90,1,0,0,0,0,0,0,0,0,0
UPL,2026/27,1,U21_stats_sample.xlsx,Yiga Steven,STEVEN YIGA,EXPRESS,Express FC,Midfield,77,Uganda,,,1,55,1,0,1,0,0,0,0,0,0,0
UPL,2026/27,1,U21_stats_sample.xlsx,Keiden King Lubowa,KEIDEN KING LUBOWA,EXPRESS,Express FC,,,Uganda,,,0,0,0,0,0,0,0,0,0,0,0,0
UPL,2026/27,1,U21_stats_sample.xlsx,Abdul Rahuman Katumba,ABDUL KATUMBA RAHUMAN,EXPRESS,Express FC,Defender,47,Uganda,,,1,31,0,1,0,0,0,0,0,0,0,0
UPL,2026/27,1,U21_stats_sample.xlsx,Mugisha Jonah,JONAH MUGISHA,EXPRESS,Express FC,Forward,44,Uganda,,,1,31,0,1,0,0,0,0,0,0,0,0
UPL,2026/27,1,U21_stats_sample.xlsx,Abudshakur Ramsey Jemba,ABUDSHAKUR JEMBA RAMSEY,POLICE,POLICE FOOTBALL CLUB,Midfield,38,Uganda,,,2,40,0,2,0,0,0,0,0,0,0,0
UPL,2026/27,1,U21_stats_sample.xlsx,Stephen Namaisi,NAMAISI STEPHEN,POLICE,POLICE FOOTBALL CLUB,Defender,41,Uganda,,,2,173,2,0,1,0,0,0,0,0,0,0
UPL,2026/27,1,U21_stats_sample.xlsx,Henry Kayemba,HENRY KAYEMBA,POLICE,POLICE FOOTBALL CLUB,Midfield,44,Uganda,,,0,0,0,0,0,0,0,0,0,0,0,0
UPL,2026/27,1,U21_stats_sample.xlsx,Patrick Kagulire,KAGULIRE PATRICK,POLICE,POLICE FOOTBALL CLUB,Defender,40,Uganda,,,0,0,0,0,0,0,0,0,0,0,0,0
UPL,2026/27,1,U21_stats_sample.xlsx,Simon Olele,OLELE SIMON,POLICE,POLICE FOOTBALL CLUB,Goalkeeper,36,Uganda,,,0,0,0,0,0,0,0,0,0,0,0,0
UPL,2026/27,1,U21_stats_sample.xlsx,Jamal Ssemwogerere,JAMAL SSEMWOGERERE,MAROONS,Maroons FC,Midfield,40,Uganda,,,2,180,2,0,0,0,0,0,0,1,0,0
UPL,2026/27,1,U21_stats_sample.xlsx,Ashiraf Kavuma,ASHIRAF KAVUMA,MAROONS,Maroons FC,,41,Uganda,,,0,0,0,0,0,0,0,0,0,0,0,0
UPL,2026/27,1,U21_stats_sample.xlsx,Lameka Tamale,LAMEKA TAMALE,MAROONS,Maroons FC,Goalkeeper,36,Uganda,,,0,0,0,0,0,0,0,0,0,0,0,0
UPL,2026/27,1,U21_stats_sample.xlsx,Alli Ismael,ALLI ISMAEL,MAROONS,Maroons FC,,38,Uganda,,,2,150,2,0,1,0,0,0,0,0,0,0
UPL,2026/27,1,U21_stats_sample.xlsx,Isaac Arinda,ARINDA ISAAC,MBARARA,Mbarara City FC,,40,Uganda,,,1,21,0,1,0,0,0,0,0,0,0,0
UPL,2026/27,1,U21_stats_sample.xlsx,Stuart Hussein Kafuluma,HUSSEIN KAFULUMA STUART,MBARARA,Mbarara City FC,,36,Uganda,,,1,90,1,0,0,0,0,0,0,0,0,0
UPL,2026/27,1,U21_stats_sample.xlsx,Iran Musinguzi,IRAN MUSINGUZI,MBARARA,Mbarara City FC,,41,Uganda,,,0,0,0,0,0,0,0,0,0,0,0,0
UPL,2026/27,1,U21_stats_sample.xlsx,Juma Ssajjabi,JUMA SSAJJABI,LUGAZI,Lugazi FC,Defender,42,Uganda,,,2,180,2,0,0,0,0,0,0,1,0,0
UPL,2026/27,1,U21_stats_sample.xlsx,Allan Batali Igama,ALLAN BATALI IGAMA,LUGAZI,Lugazi FC,Goalkeeper,38,Uganda,,,0,0,0,0,0,0,0,0,0,0,0,0
UPL,2026/27,1,U21_stats_sample.xlsx,Muhammad Kakooza,KAKOOZA MUHAMMAD,LUGAZI,Lugazi FC,Goalkeeper,36,Uganda,,,0,0,0,0,0,0,0,0,0,0,0,0
UPL,2026/27,1,U21_stats_sample.xlsx,Amagu Louis Anguti,AMAGU ANGUTI LOUIS,LUGAZI,Lugazi FC,Defender,44,Uganda,,,0,0,0,0,0,0,0,0,0,0,0,0
UPL,2026/27,1,U21_stats_sample.xlsx,Joshua Omara,JOSHUA OMARA,BLACKS,Blacks Power FC,Midfield,39,Uganda,,,2,24,0,2,0,0,0,0,0,0,0,0
UPL,2026/27,1,U21_stats_sample.xlsx,Joel Kigenyi,JOEL KIGENYI,UPDF,UPDF FC,,42,Uganda,,,0,0,0,0,0,0,0,0,0,0,0,0
UPL,2026/27,1,U21_stats_sample.xlsx,Arode Ayesiga,ARODE AYESIGA,UPDF,UPDF FC,Forward,37,Uganda,,,1,53,0,1,0,0,0,0,0,0,0,0
UPL,2026/27,1,U21_stats_sample.xlsx,Joel Ineah,INEAH JOEL,UPDF,UPDF FC,Forward,40,Uganda,,,1,79,0,1,0,0,0,0,0,0,0,0
UPL,2026/27,1,U21_stats_sample.xlsx,Yusuf Bogere,BOGERE YUSUF,ENTEBBE,ENTEBBE UPPC FC,Midfield,36,Uganda,,,0,0,0,0,0,0,0,0,0,0,0,0
UPL,2026/27,1,U21_stats_sample.xlsx,Sharifu Ssengendo,SHARIFU SSENGENDO,ENTEBBE,ENTEBBE UPPC FC,Midfield,38,Uganda,,,2,153,2,0,1,0,0,0,0,0,0,0
UPL,2026/27,1,U21_stats_sample.xlsx,Dan Daris Kazibwe,DAN DARIS KAZIBWE,ENTEBBE,ENTEBBE UPPC FC,Forward,28,Uganda,,,0,0,0,0,0,0,0,0,0,0,0,0
UPL,2026/27,1,U21_stats_sample.xlsx,Reagan Isabirye,ISABIRYE REAGAN,ENTEBBE,ENTEBBE UPPC FC,Defender,27,Uganda,,,0,0,0,0,0,0,0,0,0,0,0,0
UPL,2026/27,1,U21_stats_sample.xlsx,Marvin Ainamaani,AINAMAANI MARVIN,KIGEZI,Kigezi Home Boyz FC,,37,Uganda,,,1,0,0,1,0,0,0,0,0,0,0,0
UPL,2026/27,1,U21_stats_sample.xlsx,Jonathan Tahinduka,JONATHAN TAHINDUKA,KIGEZI,Kigezi Home Boyz FC,,38,Uganda,,,0,0,0,0,0,0,0,0,0,0,0,0
UPL,2026/27,1,U21_stats_sample.xlsx,Julius Barasa,BARASA JULIUS,KIGEZI,Kigezi Home Boyz FC,,36,Uganda,,,1,82,1,0,1,0,0,0,0,0,0,0
UPL,2026/27,1,U21_stats_sample.xlsx,James Tukei,JAMES TUKEI,KIGEZI,Kigezi Home Boyz FC,,30,Uganda,,,0,0,0,0,0,0,0,0,0,0,0,0
UPL,2026/27,1,U21_stats_sample.xlsx,Richard Lempani,LEMPANI RICHARD,KATAKA,Kataka FC,Midfield,35,Uganda,,,1,18,0,1,0,0,0,0,0,0,0,0
UPL,2026/27,1,U21_stats_sample.xlsx,Chris Ronald Nsubuga,CHRIS NSUBUGA RONALD,KATAKA,Kataka FC,Goalkeeper,1,Uganda,,,2,180,2,0,0,0,0,0,0,0,0,0
UPL,2026/27,1,U21_stats_sample.xlsx,George Okwakol Isiagi,GEORGE ISIAGI OKWAKOL,KATAKA,Kataka FC,,32,Uganda,,,2,136,2,0,1,0,0,0,0,0,0,0
UPL,2026/27,1,U21_stats_sample.xlsx,Charles Okello Batiibwe,BATIIBWE CHARLES OKELLO,NTUGASAZE,NTUGASAZE FC,Defender,35,Uganda,,,1,73,1,0,1,0,0,0,0,0,0,0
UPL,2026/27,1,U21_stats_sample.xlsx,Amisi Muba,AMISI MUBA,NTUGASAZE,NTUGASAZE FC,Goalkeeper,36,Uganda,,,0,0,0,0,0,0,0,0,0,0,0,0
UPL,2026/27,1,U21_stats_sample.xlsx,Hamza Bukenya,BUKENYA HAMZA,NTUGASAZE,NTUGASAZE FC,Defender,40,Uganda,,,1,17,0,1,0,0,0,0,0,0,0,0
UPL,2026/27,1,U21_stats_sample.xlsx,Simon Mukisa,MUKISA SIMON,NTUGASAZE,NTUGASAZE FC,Defender,39,Uganda,,,2,180,2,0,0,0,0,0,0,0,0,0
