game,md,team,opponent,venue,gf,ga,gd,result,points,was_ahead,was_behind,points_from_losing,points_dropped_from_winning,win_from_behind,draw_from_behind,loss_from_ahead,draw_from_ahead
BUL-VS-URA,1,URA,BUL,away,0,0,0,D,1,False,False,0,0,False,False,False,False
BUL-VS-URA,1,BUL,URA,home,0,0,0,D,1,False,False,0,0,False,False,False,False
ENTEBBE-VS-BUHIMBA,1,BUHIMBA,ENTEBBE,away,1,0,1,W,3,True,False,0,0,False,False,False,False
ENTEBBE-VS-BUHIMBA,1,ENTEBBE,BUHIMBA,home,0,1,-1,L,0,False,True,0,0,False,False,False,False
EXPRESS-VS-UPDF,1,UPDF,EXPRESS,away,0,1,-1,L,0,False,True,0,0,False,False,False,False
EXPRESS-VS-UPDF,1,EXPRESS,UPDF,home,1,0,1,W,3,True,False,0,0,False,False,False,False
KITARA-VS-KCCA,1,KCCA,KITARA,away,1,1,0,D,1,False,True,1,0,False,True,False,False
KITARA-VS-KCCA,1,KITARA,KCCA,home,1,1,0,D,1,True,False,0,2,False,False,False,True
LUGAZI-VS-CALVARY,1,CALVARY,LUGAZI,away,1,3,-2,L,0,True,True,0,3,False,False,True,False
LUGAZI-VS-CALVARY,1,LUGAZI,CALVARY,home,3,1,2,W,3,True,True,3,0,True,False,False,False
POLICE-VS-MBARARA,1,MBARARA,POLICE,away,1,1,0,D,1,False,True,1,0,False,True,False,False
POLICE-VS-MBARARA,1,POLICE,MBARARA,home,1,1,0,D,1,True,False,0,2,False,False,False,True
BUHIMBA-VS-CALVARY,2,CALVARY,BUHIMBA,away,0,2,-2,L,0,False,True,0,0,False,False,False,False
BUHIMBA-VS-CALVARY,2,BUHIMBA,CALVARY,home,2,0,2,W,3,True,False,0,0,False,False,False,False
BUL-VS-MAROONS,2,MAROONS,BUL,away,0,1,-1,L,0,False,True,0,0,False,False,False,False
BUL-VS-MAROONS,2,BUL,MAROONS,home,1,0,1,W,3,True,False,0,0,False,False,False,False
ENTEBBE-VS-LUGAZI,2,LUGAZI,ENTEBBE,away,1,2,-1,L,0,True,True,0,3,False,False,True,False
ENTEBBE-VS-LUGAZI,2,ENTEBBE,LUGAZI,home,2,1,1,W,3,True,True,3,0,True,False,False,False
KCCA-VS-VILLA,2,VILLA,KCCA,away,1,2,-1,L,0,False,True,0,0,False,False,False,False
KCCA-VS-VILLA,2,KCCA,VILLA,home,2,1,1,W,3,True,False,0,0,False,False,False,False
MBARARA-VS-UPDF,2,UPDF,MBARARA,away,1,0,1,W,3,True,False,0,0,False,False,False,False
MBARARA-VS-UPDF,2,MBARARA,UPDF,home,0,1,-1,L,0,False,True,0,0,False,False,False,False
POLICE-VS-EXPRESS,2,EXPRESS,POLICE,away,1,2,-1,L,0,False,True,0,0,False,False,False,False
POLICE-VS-EXPRESS,2,POLICE,EXPRESS,home,2,1,1,W,3,True,False,0,0,False,False,False,False
URA-VS-NEC,2,NEC,URA,away,1,1,0,D,1,True,False,0,2,False,False,False,True
URA-VS-NEC,2,URA,NEC,home,1,1,0,D,1,False,True,1,0,False,True,False,False
BUHIMBA-VS-KITARA,3,KITARA,BUHIMBA,away,0,1,-1,L,0,False,True,0,0,False,False,False,False
BUHIMBA-VS-KITARA,3,BUHIMBA,KITARA,home,1,0,1,W,3,True,False,0,0,False,False,False,False
KCCA-VS-LUGAZI,3,LUGAZI,KCCA,away,0,0,0,D,1,False,False,0,0,False,False,False,False
KCCA-VS-LUGAZI,3,KCCA,LUGAZI,home,0,0,0,D,1,False,False,0,0,False,False,False,False
MBARARA-VS-BUL,3,BUL,MBARARA,away,1,1,0,D,1,True,False,0,2,False,False,False,True
MBARARA-VS-BUL,3,MBARARA,BUL,home,1,1,0,D,1,False,True,1,0,False,True,False,False
NEC-VS-POLICE,3,POLICE,NEC,away,2,2,0,D,1,False,True,1,0,False,True,False,False
NEC-VS-POLICE,3,NEC,POLICE,home,2,2,0,D,1,True,False,0,2,False,False,False,True
UPDF-VS-MAROONS,3,MAROONS,UPDF,away,2,1,1,W,3,True,False,0,0,False,False,False,False
UPDF-VS-MAROONS,3,UPDF,MAROONS,home,1,2,-1,L,0,False,True,0,0,False,False,False,False
URA-VS-EXPRESS,3,EXPRESS,URA,away,0,0,0,D,1,False,False,0,0,False,False,False,False
URA-VS-EXPRESS,3,URA,EXPRESS,home,0,0,0,D,1,False,False,0,0,False,False,False,False
VILLA-VS-ENTEBBE,3,ENTEBBE,VILLA,away,1,1,0,D,1,True,False,0,2,False,False,False,True
VILLA-VS-ENTEBBE,3,VILLA,ENTEBBE,home,1,1,0,D,1,False,True,1,0,False,True,False,False
BUL-VS-BUHIMBA,4,BUHIMBA,BUL,away,0,3,-3,L,0,False,True,0,0,False,False,False,False
BUL-VS-BUHIMBA,4,BUL,BUHIMBA,home,3,0,3,W,3,True,False,0,0,False,False,False,False
ENTEBBE-VS-NEC,4,NEC,ENTEBBE,away,0,1,-1,L,0,False,True,0,0,False,False,False,False
ENTEBBE-VS-NEC,4,ENTEBBE,NEC,home,1,0,1,W,3,True,False,0,0,False,False,False,False
EXPRESS-VS-KCCA,4,KCCA,EXPRESS,away,1,0,1,W,3,True,False,0,0,False,False,False,False
EXPRESS-VS-KCCA,4,EXPRESS,KCCA,home,0,1,-1,L,0,False,True,0,0,False,False,False,False
KITARA-VS-MBARARA,4,MBARARA,KITARA,away,2,3,-1,L,0,False,True,0,0,False,False,False,False
KITARA-VS-MBARARA,4,KITARA,MBARARA,home,3,2,1,W,3,True,False,0,0,False,False,False,False
LUGAZI-VS-URA,4,URA,LUGAZI,away,0,0,0,D,1,False,False,0,0,False,False,False,False
LUGAZI-VS-URA,4,LUGAZI,URA,home,0,0,0,D,1,False,False,0,0,False,False,False,False
MAROONS-VS-CALVARY,4,CALVARY,MAROONS,away,0,0,0,D,1,False,False,0,0,False,False,False,False
MAROONS-VS-CALVARY,4,MAROONS,CALVARY,home,0,0,0,D,1,False,False,0,0,False,False,False,False
VILLA-VS-POLICE,4,POLICE,VILLA,away,1,2,-1,L,0,True,True,0,3,False,False,True,False
VILLA-VS-POLICE,4,VILLA,POLICE,home,2,1,1,W,3,True,True,3,0,True,False,False,False
BUHIMBA-VS-VILLA,5,VILLA,BUHIMBA,away,3,0,3,W,3,True,False,0,0,False,False,False,False
BUHIMBA-VS-VILLA,5,BUHIMBA,VILLA,home,0,3,-3,L,0,False,True,0,0,False,False,False,False
BUL-VS-EXPRESS,5,EXPRESS,BUL,away,0,0,0,D,1,False,False,0,0,False,False,False,False
BUL-VS-EXPRESS,5,BUL,EXPRESS,home,0,0,0,D,1,False,False,0,0,False,False,False,False
ENTEBBE-VS-VIPERS,5,VIPERS,ENTEBBE,away,1,0,1,W,3,True,False,0,0,False,False,False,False
ENTEBBE-VS-VIPERS,5,ENTEBBE,VIPERS,home,0,1,-1,L,0,False,True,0,0,False,False,False,False
KCCA-VS-CALVARY,5,CALVARY,KCCA,away,2,4,-2,L,0,False,True,0,0,False,False,False,False
KCCA-VS-CALVARY,5,KCCA,CALVARY,home,4,2,2,W,3,True,False,0,0,False,False,False,False
KITARA-VS-LUGAZI,5,LUGAZI,KITARA,away,0,4,-4,L,0,False,True,0,0,False,False,False,False
KITARA-VS-LUGAZI,5,KITARA,LUGAZI,home,4,0,4,W,3,True,False,0,0,False,False,False,False
MBARARA-VS-NEC,5,NEC,MBARARA,away,1,0,1,W,3,True,False,0,0,False,False,False,False
MBARARA-VS-NEC,5,MBARARA,NEC,home,0,1,-1,L,0,False,True,0,0,False,False,False,False
POLICE-VS-MAROONS,5,MAROONS,POLICE,away,1,2,-1,L,0,False,True,0,0,False,False,False,False
POLICE-VS-MAROONS,5,POLICE,MAROONS,home,2,1,1,W,3,True,False,0,0,False,False,False,False
URA-VS-UPDF,5,UPDF,URA,away,2,3,-1,L,0,False,True,0,0,False,False,False,False
URA-VS-UPDF,5,URA,UPDF,home,3,2,1,W,3,True,False,0,0,False,False,False,False
CALVARY-VS-ENTEBBE,6,ENTEBBE,CALVARY,away,4,2,2,W,3,True,False,0,0,False,False,False,False
CALVARY-VS-ENTEBBE,6,CALVARY,ENTEBBE,home,2,4,-2,L,0,False,True,0,0,False,False,False,False
EXPRESS-VS-MBARARA,6,MBARARA,EXPRESS,away,1,4,-3,L,0,False,True,0,0,False,False,False,False
EXPRESS-VS-MBARARA,6,EXPRESS,MBARARA,home,4,1,3,W,3,True,False,0,0,False,False,False,False
LUGAZI-VS-BUHIMBA,6,BUHIMBA,LUGAZI,away,2,5,-3,L,0,False,True,0,0,False,False,False,False
LUGAZI-VS-BUHIMBA,6,LUGAZI,BUHIMBA,home,5,2,3,W,3,True,False,0,0,False,False,False,False
MAROONS-VS-URA,6,URA,MAROONS,away,0,0,0,D,1,False,False,0,0,False,False,False,False
MAROONS-VS-URA,6,MAROONS,URA,home,0,0,0,D,1,False,False,0,0,False,False,False,False
NEC-VS-BUL,6,BUL,NEC,away,1,1,0,D,1,False,True,1,0,False,True,False,False
NEC-VS-BUL,6,NEC,BUL,home,1,1,0,D,1,True,False,0,2,False,False,False,True
UPDF-VS-POLICE,6,POLICE,UPDF,away,2,1,1,W,3,True,False,0,0,False,False,False,False
UPDF-VS-POLICE,6,UPDF,POLICE,home,1,2,-1,L,0,False,True,0,0,False,False,False,False
VILLA-VS-KITARA,6,KITARA,VILLA,away,0,1,-1,L,0,False,True,0,0,False,False,False,False
VILLA-VS-KITARA,6,VILLA,KITARA,home,1,0,1,W,3,True,False,0,0,False,False,False,False
VIPERS-VS-KCCA,6,KCCA,VIPERS,away,0,1,-1,L,0,False,True,0,0,False,False,False,False
VIPERS-VS-KCCA,6,VIPERS,KCCA,home,1,0,1,W,3,True,False,0,0,False,False,False,False
BUHIMBA-VS-MBARARA,7,MBARARA,BUHIMBA,away,0,0,0,D,1,False,False,0,0,False,False,False,False
BUHIMBA-VS-MBARARA,7,BUHIMBA,MBARARA,home,0,0,0,D,1,False,False,0,0,False,False,False,False
CALVARY-VS-UPDF,7,UPDF,CALVARY,away,1,0,1,W,3,True,False,0,0,False,False,False,False
CALVARY-VS-UPDF,7,CALVARY,UPDF,home,0,1,-1,L,0,False,True,0,0,False,False,False,False
ENTEBBE-VS-POLICE,7,POLICE,ENTEBBE,away,2,0,2,W,3,True,False,0,0,False,False,False,False
ENTEBBE-VS-POLICE,7,ENTEBBE,POLICE,home,0,2,-2,L,0,False,True,0,0,False,False,False,False
KCCA-VS-URA,7,URA,KCCA,away,1,2,-1,L,0,False,True,0,0,False,False,False,False
KCCA-VS-URA,7,KCCA,URA,home,2,1,1,W,3,True,False,0,0,False,False,False,False
KITARA-VS-BUL,7,BUL,KITARA,away,0,1,-1,L,0,False,True,0,0,False,False,False,False
KITARA-VS-BUL,7,KITARA,BUL,home,1,0,1,W,3,True,False,0,0,False,False,False,False
LUGAZI-VS-EXPRESS,7,EXPRESS,LUGAZI,away,0,0,0,D,1,False,False,0,0,False,False,False,False
LUGAZI-VS-EXPRESS,7,LUGAZI,EXPRESS,home,0,0,0,D,1,False,False,0,0,False,False,False,False
VILLA-VS-NEC,7,NEC,VILLA,away,1,2,-1,L,0,False,True,0,0,False,False,False,False
VILLA-VS-NEC,7,VILLA,NEC,home,2,1,1,W,3,True,False,0,0,False,False,False,False
VIPERS-VS-MAROONS,7,MAROONS,VIPERS,away,1,2,-1,L,0,False,True,0,0,False,False,False,False
VIPERS-VS-MAROONS,7,VIPERS,MAROONS,home,2,1,1,W,3,True,False,0,0,False,False,False,False
BUL-VS-ENTEBBE,8,ENTEBBE,BUL,away,2,0,2,W,3,True,False,0,0,False,False,False,False
BUL-VS-ENTEBBE,8,BUL,ENTEBBE,home,0,2,-2,L,0,False,True,0,0,False,False,False,False
EXPRESS-VS-VIPERS,8,VIPERS,EXPRESS,away,3,0,3,W,3,True,False,0,0,False,False,False,False
EXPRESS-VS-VIPERS,8,EXPRESS,VIPERS,home,0,3,-3,L,0,False,True,0,0,False,False,False,False
MAROONS-VS-LUGAZI,8,LUGAZI,MAROONS,away,0,3,-3,L,0,False,True,0,0,False,False,False,False
MAROONS-VS-LUGAZI,8,MAROONS,LUGAZI,home,3,0,3,W,3,True,False,0,0,False,False,False,False
MAROONS-VS-NEC,8,NEC,MAROONS,away,1,1,0,D,1,False,True,1,0,False,True,False,False
MAROONS-VS-NEC,8,MAROONS,NEC,home,1,1,0,D,1,True,False,0,2,False,False,False,True
MBARARA-VS-KCCA,8,KCCA,MBARARA,away,2,1,1,W,3,True,False,0,0,False,False,False,False
MBARARA-VS-KCCA,8,MBARARA,KCCA,home,1,2,-1,L,0,False,True,0,0,False,False,False,False
NEC-VS-CALVARY,8,CALVARY,NEC,away,0,1,-1,L,0,False,True,0,0,False,False,False,False
NEC-VS-CALVARY,8,NEC,CALVARY,home,1,0,1,W,3,True,False,0,0,False,False,False,False
POLICE-VS-KITARA,8,KITARA,POLICE,away,2,1,1,W,3,True,False,0,0,False,False,False,False
POLICE-VS-KITARA,8,POLICE,KITARA,home,1,2,-1,L,0,False,True,0,0,False,False,False,False
UPDF-VS-VILLA,8,VILLA,UPDF,away,1,0,1,W,3,True,False,0,0,False,False,False,False
UPDF-VS-VILLA,8,UPDF,VILLA,home,0,1,-1,L,0,False,True,0,0,False,False,False,False
URA-VS-BUHIMBA,8,BUHIMBA,URA,away,3,7,-4,L,0,False,True,0,0,False,False,False,False
URA-VS-BUHIMBA,8,URA,BUHIMBA,home,7,3,4,W,3,True,False,0,0,False,False,False,False
VIPERS-VS-VILLA,8,VILLA,VIPERS,away,1,1,0,D,1,True,False,0,2,False,False,False,True
VIPERS-VS-VILLA,8,VIPERS,VILLA,home,1,1,0,D,1,False,True,1,0,False,True,False,False
BUL-VS-KCCA,9,KCCA,BUL,away,2,1,1,W,3,True,True,3,0,True,False,False,False
BUL-VS-KCCA,9,BUL,KCCA,home,1,2,-1,L,0,True,True,0,3,False,False,True,False
EXPRESS-VS-CALVARY,9,CALVARY,EXPRESS,away,0,4,-4,L,0,False,True,0,0,False,False,False,False
EXPRESS-VS-CALVARY,9,EXPRESS,CALVARY,home,4,0,4,W,3,True,False,0,0,False,False,False,False
MAROONS-VS-VILLA,9,VILLA,MAROONS,away,0,1,-1,L,0,False,True,0,0,False,False,False,False
MAROONS-VS-VILLA,9,MAROONS,VILLA,home,1,0,1,W,3,True,False,0,0,False,False,False,False
MBARARA-VS-ENTEBBE,9,ENTEBBE,MBARARA,away,1,1,0,D,1,False,True,1,0,False,True,False,False
MBARARA-VS-ENTEBBE,9,MBARARA,ENTEBBE,home,1,1,0,D,1,True,False,0,2,False,False,False,True
NEC-VS-VIPERS,9,VIPERS,NEC,away,1,1,0,D,1,False,True,1,0,False,True,False,False
NEC-VS-VIPERS,9,NEC,VIPERS,home,1,1,0,D,1,True,False,0,2,False,False,False,True
POLICE-VS-BUHIMBA,9,BUHIMBA,POLICE,away,0,4,-4,L,0,False,True,0,0,False,False,False,False
POLICE-VS-BUHIMBA,9,POLICE,BUHIMBA,home,4,0,4,W,3,True,False,0,0,False,False,False,False
UPDF-VS-LUGAZI,9,LUGAZI,UPDF,away,0,2,-2,L,0,False,True,0,0,False,False,False,False
UPDF-VS-LUGAZI,9,UPDF,LUGAZI,home,2,0,2,W,3,True,False,0,0,False,False,False,False
URA-VS-KITARA,9,KITARA,URA,away,1,0,1,W,3,True,False,0,0,False,False,False,False
URA-VS-KITARA,9,URA,KITARA,home,0,1,-1,L,0,False,True,0,0,False,False,False,False
VIPERS-VS-UPDF,9,UPDF,VIPERS,away,1,5,-4,L,0,False,True,0,0,False,False,False,False
VIPERS-VS-UPDF,9,VIPERS,UPDF,home,5,1,4,W,3,True,False,0,0,False,False,False,False
BUHIMBA-VS-UPDF,10,UPDF,BUHIMBA,away,2,2,0,D,1,True,False,0,2,False,False,False,True
BUHIMBA-VS-UPDF,10,BUHIMBA,UPDF,home,2,2,0,D,1,False,True,1,0,False,True,False,False
CALVARY-VS-MBARARA,10,MBARARA,CALVARY,away,0,0,0,D,1,False,False,0,0,False,False,False,False
CALVARY-VS-MBARARA,10,CALVARY,MBARARA,home,0,0,0,D,1,False,False,0,0,False,False,False,False
CALVARY-VS-VIPERS,10,VIPERS,CALVARY,away,0,0,0,D,1,False,False,0,0,False,False,False,False
CALVARY-VS-VIPERS,10,CALVARY,VIPERS,home,0,0,0,D,1,False,False,0,0,False,False,False,False
ENTEBBE-VS-EXPRESS,10,EXPRESS,ENTEBBE,away,0,2,-2,L,0,False,True,0,0,False,False,False,False
ENTEBBE-VS-EXPRESS,10,ENTEBBE,EXPRESS,home,2,0,2,W,3,True,False,0,0,False,False,False,False
KCCA-VS-NEC,10,NEC,KCCA,away,1,2,-1,L,0,False,True,0,0,False,False,False,False
KCCA-VS-NEC,10,KCCA,NEC,home,2,1,1,W,3,True,False,0,0,False,False,False,False
KITARA-VS-MAROONS,10,MAROONS,KITARA,away,0,2,-2,L,0,False,True,0,0,False,False,False,False
KITARA-VS-MAROONS,10,KITARA,MAROONS,home,2,0,2,W,3,True,False,0,0,False,False,False,False
LUGAZI-VS-POLICE,10,POLICE,LUGAZI,away,1,1,0,D,1,False,True,1,0,False,True,False,False
LUGAZI-VS-POLICE,10,LUGAZI,POLICE,home,1,1,0,D,1,True,False,0,2,False,False,False,True
VILLA-VS-URA,10,URA,VILLA,away,0,3,-3,L,0,False,True,0,0,False,False,False,False
VILLA-VS-URA,10,VILLA,URA,home,3,0,3,W,3,True,False,0,0,False,False,False,False
VIPERS-VS-BUL,10,BUL,VIPERS,away,1,2,-1,L,0,False,True,0,0,False,False,False,False
VIPERS-VS-BUL,10,VIPERS,BUL,home,2,1,1,W,3,True,False,0,0,False,False,False,False
BUL-VS-POLICE,11,POLICE,BUL,away,3,1,2,W,3,True,False,0,0,False,False,False,False
BUL-VS-POLICE,11,BUL,POLICE,home,1,3,-2,L,0,False,True,0,0,False,False,False,False
ENTEBBE-VS-KITARA,11,KITARA,ENTEBBE,away,0,1,-1,L,0,False,True,0,0,False,False,False,False
ENTEBBE-VS-KITARA,11,ENTEBBE,KITARA,home,1,0,1,W,3,True,False,0,0,False,False,False,False
KCCA-VS-BUHIMBA,11,BUHIMBA,KCCA,away,0,1,-1,L,0,False,True,0,0,False,False,False,False
KCCA-VS-BUHIMBA,11,KCCA,BUHIMBA,home,1,0,1,W,3,True,False,0,0,False,False,False,False
LUGAZI-VS-VIPERS,11,VIPERS,LUGAZI,away,2,1,1,W,3,True,False,0,0,False,False,False,False
LUGAZI-VS-VIPERS,11,LUGAZI,VIPERS,home,1,2,-1,L,0,False,True,0,0,False,False,False,False
MAROONS-VS-EXPRESS,11,EXPRESS,MAROONS,away,0,4,-4,L,0,False,True,0,0,False,False,False,False
MAROONS-VS-EXPRESS,11,MAROONS,EXPRESS,home,4,0,4,W,3,True,False,0,0,False,False,False,False
MBARARA-VS-URA,11,URA,MBARARA,away,0,1,-1,L,0,False,True,0,0,False,False,False,False
MBARARA-VS-URA,11,MBARARA,URA,home,1,0,1,W,3,True,False,0,0,False,False,False,False
UPDF-VS-NEC,11,NEC,UPDF,away,0,0,0,D,1,False,False,0,0,False,False,False,False
UPDF-VS-NEC,11,UPDF,NEC,home,0,0,0,D,1,False,False,0,0,False,False,False,False
VILLA-VS-CALVARY,11,CALVARY,VILLA,away,0,1,-1,L,0,False,True,0,0,False,False,False,False
VILLA-VS-CALVARY,11,VILLA,CALVARY,home,1,0,1,W,3,True,False,0,0,False,False,False,False
BUHIMBA-VS-MAROONS,12,MAROONS,BUHIMBA,away,0,1,-1,L,0,False,True,0,0,False,False,False,False
BUHIMBA-VS-MAROONS,12,BUHIMBA,MAROONS,home,1,0,1,W,3,True,False,0,0,False,False,False,False
CALVARY-VS-BUL,12,BUL,CALVARY,away,1,0,1,W,3,True,False,0,0,False,False,False,False
CALVARY-VS-BUL,12,CALVARY,BUL,home,0,1,-1,L,0,False,True,0,0,False,False,False,False
EXPRESS-VS-VILLA,12,VILLA,EXPRESS,away,1,0,1,W,3,True,False,0,0,False,False,False,False
EXPRESS-VS-VILLA,12,EXPRESS,VILLA,home,0,1,-1,L,0,False,True,0,0,False,False,False,False
KITARA-VS-UPDF,12,UPDF,KITARA,away,1,2,-1,L,0,False,True,0,0,False,False,False,False
KITARA-VS-UPDF,12,KITARA,UPDF,home,2,1,1,W,3,True,False,0,0,False,False,False,False
NEC-VS-LUGAZI,12,LUGAZI,NEC,away,0,1,-1,L,0,False,True,0,0,False,False,False,False
NEC-VS-LUGAZI,12,NEC,LUGAZI,home,1,0,1,W,3,True,False,0,0,False,False,False,False
POLICE-VS-KCCA,12,KCCA,POLICE,away,0,2,-2,L,0,False,True,0,0,False,False,False,False
POLICE-VS-KCCA,12,POLICE,KCCA,home,2,0,2,W,3,True,False,0,0,False,False,False,False
URA-VS-ENTEBBE,12,ENTEBBE,URA,away,1,0,1,W,3,True,False,0,0,False,False,False,False
URA-VS-ENTEBBE,12,URA,ENTEBBE,home,0,1,-1,L,0,False,True,0,0,False,False,False,False
VIPERS-VS-MBARARA,12,MBARARA,VIPERS,away,0,0,0,D,1,False,False,0,0,False,False,False,False
VIPERS-VS-MBARARA,12,VIPERS,MBARARA,home,0,0,0,D,1,False,False,0,0,False,False,False,False
BUL-VS-VILLA,13,VILLA,BUL,away,0,0,0,D,1,False,False,0,0,False,False,False,False
BUL-VS-VILLA,13,BUL,VILLA,home,0,0,0,D,1,False,False,0,0,False,False,False,False
EXPRESS-VS-BUHIMBA,13,BUHIMBA,EXPRESS,away,1,3,-2,L,0,False,True,0,0,False,False,False,False
EXPRESS-VS-BUHIMBA,13,EXPRESS,BUHIMBA,home,3,1,2,W,3,True,False,0,0,False,False,False,False
MAROONS-VS-KCCA,13,KCCA,MAROONS,away,0,0,0,D,1,False,False,0,0,False,False,False,False
MAROONS-VS-KCCA,13,MAROONS,KCCA,home,0,0,0,D,1,False,False,0,0,False,False,False,False
MBARARA-VS-LUGAZI,13,LUGAZI,MBARARA,away,0,0,0,D,1,False,False,0,0,False,False,False,False
MBARARA-VS-LUGAZI,13,MBARARA,LUGAZI,home,0,0,0,D,1,False,False,0,0,False,False,False,False
NEC-VS-KITARA,13,KITARA,NEC,away,3,3,0,D,1,False,True,1,0,False,True,False,False
NEC-VS-KITARA,13,NEC,KITARA,home,3,3,0,D,1,True,False,0,2,False,False,False,True
POLICE-VS-CALVARY,13,CALVARY,POLICE,away,0,2,-2,L,0,False,True,0,0,False,False,False,False
POLICE-VS-CALVARY,13,POLICE,CALVARY,home,2,0,2,W,3,True,False,0,0,False,False,False,False
UPDF-VS-ENTEBBE,13,ENTEBBE,UPDF,away,1,0,1,W,3,True,False,0,0,False,False,False,False
UPDF-VS-ENTEBBE,13,UPDF,ENTEBBE,home,0,1,-1,L,0,False,True,0,0,False,False,False,False
URA-VS-VIPERS,13,VIPERS,URA,away,3,0,3,W,3,True,False,0,0,False,False,False,False
URA-VS-VIPERS,13,URA,VIPERS,home,0,3,-3,L,0,False,True,0,0,False,False,False,False
BUHIMBA-VS-NEC,14,NEC,BUHIMBA,away,1,0,1,W,3,True,False,0,0,False,False,False,False
BUHIMBA-VS-NEC,14,BUHIMBA,NEC,home,0,1,-1,L,0,False,True,0,0,False,False,False,False
CALVARY-VS-URA,14,URA,CALVARY,away,0,0,0,D,1,False,False,0,0,False,False,False,False
CALVARY-VS-URA,14,CALVARY,URA,home,0,0,0,D,1,False,False,0,0,False,False,False,False
ENTEBBE-VS-MAROONS,14,MAROONS,ENTEBBE,away,0,0,0,D,1,False,False,0,0,False,False,False,False
ENTEBBE-VS-MAROONS,14,ENTEBBE,MAROONS,home,0,0,0,D,1,False,False,0,0,False,False,False,False
KCCA-VS-UPDF,14,UPDF,KCCA,away,0,4,-4,L,0,False,True,0,0,False,False,False,False
KCCA-VS-UPDF,14,KCCA,UPDF,home,4,0,4,W,3,True,False,0,0,False,False,False,False
KITARA-VS-EXPRESS,14,EXPRESS,KITARA,away,0,1,-1,L,0,False,True,0,0,False,False,False,False
KITARA-VS-EXPRESS,14,KITARA,EXPRESS,home,1,0,1,W,3,True,False,0,0,False,False,False,False
LUGAZI-VS-BUL,14,BUL,LUGAZI,away,1,2,-1,L,0,False,True,0,0,False,False,False,False
LUGAZI-VS-BUL,14,LUGAZI,BUL,home,2,1,1,W,3,True,False,0,0,False,False,False,False
VILLA-VS-MBARARA,14,MBARARA,VILLA,away,1,6,-5,L,0,False,True,0,0,False,False,False,False
VILLA-VS-MBARARA,14,VILLA,MBARARA,home,6,1,5,W,3,True,False,0,0,False,False,False,False
VIPERS-VS-POLICE,14,POLICE,VIPERS,away,1,4,-3,L,0,False,True,0,0,False,False,False,False
VIPERS-VS-POLICE,14,VIPERS,POLICE,home,4,1,3,W,3,True,False,0,0,False,False,False,False
CALVARY-VS-KITARA,15,KITARA,CALVARY,away,1,0,1,W,3,True,False,0,0,False,False,False,False
CALVARY-VS-KITARA,15,CALVARY,KITARA,home,0,1,-1,L,0,False,True,0,0,False,False,False,False
KCCA-VS-ENTEBBE,15,ENTEBBE,KCCA,away,1,0,1,W,3,True,False,0,0,False,False,False,False
KCCA-VS-ENTEBBE,15,KCCA,ENTEBBE,home,0,1,-1,L,0,False,True,0,0,False,False,False,False
MAROONS-VS-MBARARA,15,MBARARA,MAROONS,away,1,1,0,D,1,True,False,0,2,False,False,False,True
MAROONS-VS-MBARARA,15,MAROONS,MBARARA,home,1,1,0,D,1,False,True,1,0,False,True,False,False
NEC-VS-EXPRESS,15,EXPRESS,NEC,away,0,0,0,D,1,False,False,0,0,False,False,False,False
NEC-VS-EXPRESS,15,NEC,EXPRESS,home,0,0,0,D,1,False,False,0,0,False,False,False,False
UPDF-VS-BUL,15,BUL,UPDF,away,1,0,1,W,3,True,False,0,0,False,False,False,False
UPDF-VS-BUL,15,UPDF,BUL,home,0,1,-1,L,0,False,True,0,0,False,False,False,False
URA-VS-POLICE,15,POLICE,URA,away,0,0,0,D,1,False,False,0,0,False,False,False,False
URA-VS-POLICE,15,URA,POLICE,home,0,0,0,D,1,False,False,0,0,False,False,False,False
VILLA-VS-LUGAZI,15,LUGAZI,VILLA,away,0,0,0,D,1,False,False,0,0,False,False,False,False
VILLA-VS-LUGAZI,15,VILLA,LUGAZI,home,0,0,0,D,1,False,False,0,0,False,False,False,False
VIPERS-VS-BUHIMBA,15,BUHIMBA,VIPERS,away,0,4,-4,L,0,False,True,0,0,False,False,False,False
VIPERS-VS-BUHIMBA,15,VIPERS,BUHIMBA,home,4,0,4,W,3,True,False,0,0,False,False,False,False
